fcc_id,external_photos_doc_id,external_photos_url
M3NWXF0B1,,
N5F-A08TDA,,
CWTWB1U331,170538,https://fcc.report/FCC-ID/CWTWB1U331/170538.pdf
HYQ14AHC,2013654,https://fcc.report/FCC-ID/HYQ14AHC/2013654.pdf
MYT3X6898B,390876,https://fcc.report/FCC-ID/MYT3X6898B/390876.pdf
N14TMTX-1,,
YGOG20TB1,3873358,https://fcc.report/FCC-ID/YGOG20TB1/3873358.pdf
MOZB21TG,310363,https://fcc.report/FCC-ID/MOZB21TG/310363.pdf
OUCG8D-620M-A,485311,https://fcc.report/FCC-ID/OUCG8D-620M-A/485311.pdf
N5F-A08TBLP,5753577,https://fcc.report/FCC-ID/N5F-A08TBLP/5753577.pdf
NHVBU427,155321,https://fcc.report/FCC-ID/NHVBU427/155321.pdf
CWTWB1U840,1637142,https://fcc.report/FCC-ID/CWTWB1U840/1637142.pdf
CWTWB1U429,343335,https://fcc.report/FCC-ID/CWTWB1U429/343335.pdf
NBG009768T,1028889,https://fcc.report/FCC-ID/NBG009768T/1028889.pdf
M3NWXFOB1,4966946,https://fcc.report/FCC-ID/M3NWXFOB1/4966946.pdf
CWTWBU735,635498,https://fcc.report/FCC-ID/CWTWBU735/635498.pdf
KR5T44,,
KR55WK49622,825991,https://fcc.report/FCC-ID/KR55WK49622/825991.pdf
OHT-4882056,3471893,https://fcc.report/FCC-ID/OHT-4882056/3471893.pdf
M3N-A3C108397,5701473,https://fcc.report/FCC-ID/M3N-A3C108397/5701473.pdf
BGBX1T478SKE125-01,492103,https://fcc.report/FCC-ID/BGBX1T478SKE125-01/492103.pdf
TQ8-F0B-4F27,,
KR5TXPZ1,5200890,https://fcc.report/FCC-ID/KR5TXPZ1/5200890.pdf
HYQ4ES,4299688,https://fcc.report/FCC-ID/HYQ4ES/4299688.pdf
OUC644M-KEY-N,685872,https://fcc.report/FCC-ID/OUC644M-KEY-N/685872.pdf
SY5DMFNA433,1883978,https://fcc.report/FCC-ID/SY5DMFNA433/1883978.pdf
OUCG8D-440H-A,,
OHT692427AA,540241,https://fcc.report/FCC-ID/OHT692427AA/540241.pdf
E4EG8D-444H-A,125942,https://fcc.report/FCC-ID/E4EG8D-444H-A/125942.pdf
MOZB3F2F2L,4115589,https://fcc.report/FCC-ID/MOZB3F2F2L/4115589.pdf
OUC60270,495068,https://fcc.report/FCC-ID/OUC60270/495068.pdf
SY5MQ4FGE05,4500219,https://fcc.report/FCC-ID/SY5MQ4FGE05/4500219.pdf
TQ8-FOB-4F46,4686745,https://fcc.report/FCC-ID/TQ8-FOB-4F46/4686745.pdf
OHT692713AA,778306,https://fcc.report/FCC-ID/OHT692713AA/778306.pdf
HYQ2AB,1868308,https://fcc.report/FCC-ID/HYQ2AB/1868308.pdf
KR55WK48903,676895,https://fcc.report/FCC-ID/KR55WK48903/676895.pdf
OUC003M,2167477,https://fcc.report/FCC-ID/OUC003M/2167477.pdf
WAZSKE13D03,4160586,https://fcc.report/FCC-ID/WAZSKE13D03/4160586.pdf
NHVWB1U711,309245,https://fcc.report/FCC-ID/NHVWB1U711/309245.pdf
TQ8-RKE-4F16,2138115,https://fcc.report/FCC-ID/TQ8-RKE-4F16/2138115.pdf
CWTWBU618,480511,https://fcc.report/FCC-ID/CWTWBU618/480511.pdf
CWTWB1U811,1219200,https://fcc.report/FCC-ID/CWTWB1U811/1219200.pdf
AB01602T,,
KR55WK48801,1070846,https://fcc.report/FCC-ID/KR55WK48801/1070846.pdf
KR5TXPZ3,,
NYOSEKSAM11ATX,1251983,https://fcc.report/FCC-ID/NYOSEKSAM11ATX/1251983.pdf
SY5XMFNA433,1884168,https://fcc.report/FCC-ID/SY5XMFNA433/1884168.pdf
OSLOKA-875T,1920680,https://fcc.report/FCC-ID/OSLOKA-875T/1920680.pdf
GQ43VT17T,,
HYQ2ES,4282130,https://fcc.report/FCC-ID/HYQ2ES/4282130.pdf
KR5V2X,1937633,https://fcc.report/FCC-ID/KR5V2X/1937633.pdf
SY5JFRGE04,2547732,https://fcc.report/FCC-ID/SY5JFRGE04/2547732.pdf
OHT1130261,3416865,https://fcc.report/FCC-ID/OHT1130261/3416865.pdf
HYQ14FBB,2400715,https://fcc.report/FCC-ID/HYQ14FBB/2400715.pdf
KOBLEAR1XT,2257351,https://fcc.report/FCC-ID/KOBLEAR1XT/2257351.pdf
KR55WK47899,852474,https://fcc.report/FCC-ID/KR55WK47899/852474.pdf
CWTWB1G0168,3384571,https://fcc.report/FCC-ID/CWTWB1G0168/3384571.pdf
MOZB31EG,310386,https://fcc.report/FCC-ID/MOZB31EG/310386.pdf
OUCG8D-380H-A,226092,https://fcc.report/FCC-ID/OUCG8D-380H-A/226092.pdf
CWTWB1U789,1245072,https://fcc.report/FCC-ID/CWTWB1U789/1245072.pdf
M3N-A2C931426,2829539,https://fcc.report/FCC-ID/M3N-A2C931426/2829539.pdf
SY5XMFNA04,1712768,https://fcc.report/FCC-ID/SY5XMFNA04/1712768.pdf
KR5S180144014,1544650,https://fcc.report/FCC-ID/KR5S180144014/1544650.pdf
HYQ12BEL,1621257,https://fcc.report/FCC-ID/HYQ12BEL/1621257.pdf
HYQ2EB,1865263,https://fcc.report/FCC-ID/HYQ2EB/1865263.pdf
HYQ1EA,1922551,https://fcc.report/FCC-ID/HYQ1EA/1922551.pdf
A2GM3AFUS03,1586102,https://fcc.report/FCC-ID/A2GM3AFUS03/1586102.pdf
YG0G21TB2,,
TQ8-FOB-4F15,3242966,https://fcc.report/FCC-ID/TQ8-FOB-4F15/3242966.pdf
MOZBR1ET,2847705,https://fcc.report/FCC-ID/MOZBR1ET/2847705.pdf
HYQ1512Y,,
MLBHLIK-1T,,
KOBGT04A,1889317,https://fcc.report/FCC-ID/KOBGT04A/1889317.pdf
GQ43VT20T,,
ABO0204T,,
GQ43VT18T,,
M3N-A3C054339,4635062,https://fcc.report/FCC-ID/M3N-A3C054339/4635062.pdf
TQ8-RKE-3F04,1662164,https://fcc.report/FCC-ID/TQ8-RKE-3F04/1662164.pdf
CWTWB1U751,781683,https://fcc.report/FCC-ID/CWTWB1U751/781683.pdf
KR5T4X,3791343,https://fcc.report/FCC-ID/KR5T4X/3791343.pdf
HYQ12BBY,478962,https://fcc.report/FCC-ID/HYQ12BBY/478962.pdf
KBRTS003,508276,https://fcc.report/FCC-ID/KBRTS003/508276.pdf
TQ8-FOB-4F16,3423928,https://fcc.report/FCC-ID/TQ8-FOB-4F16/3423928.pdf
KR537924100,1897086,https://fcc.report/FCC-ID/KR537924100/1897086.pdf
HYQ14AKB,5405855,https://fcc.report/FCC-ID/HYQ14AKB/5405855.pdf
M3N32337100,1850442,https://fcc.report/FCC-ID/M3N32337100/1850442.pdf
NYOSYEC4TX1707,3162890,https://fcc.report/FCC-ID/NYOSYEC4TX1707/3162890.pdf
KR580399900,2177561,https://fcc.report/FCC-ID/KR580399900/2177561.pdf
TQ8-FOB-4F43,4647640,https://fcc.report/FCC-ID/TQ8-FOB-4F43/4647640.pdf
KR5S180144204,,
TQ8-FOB-4F07,2441133,https://fcc.report/FCC-ID/TQ8-FOB-4F07/2441133.pdf
CWTWB1G0090,3329627,https://fcc.report/FCC-ID/CWTWB1G0090/3329627.pdf
KR5TXN4,3821503,https://fcc.report/FCC-ID/KR5TXN4/3821503.pdf
N5F-S0084A,553887,https://fcc.report/FCC-ID/N5F-S0084A/553887.pdf
KBRASTU15,139539,https://fcc.report/FCC-ID/KBRASTU15/139539.pdf
TQ8-RKE-4F21,2212586,https://fcc.report/FCC-ID/TQ8-RKE-4F21/2212586.pdf
CWTWBU729,,
L2C0007T,,
SY5JFFGE04,2498539,https://fcc.report/FCC-ID/SY5JFFGE04/2498539.pdf
HYQ14FBC,2539629,https://fcc.report/FCC-ID/HYQ14FBC/2539629.pdf
NYOSYEC4TX1907,4251453,https://fcc.report/FCC-ID/NYOSYEC4TX1907/4251453.pdf
KR55WK49244,771600,https://fcc.report/FCC-ID/KR55WK49244/771600.pdf
M3N5WY7777A,942030,https://fcc.report/FCC-ID/M3N5WY7777A/942030.pdf
ACJ8D8E24A04,461040,https://fcc.report/FCC-ID/ACJ8D8E24A04/461040.pdf
HYQ14AEM,1164183,https://fcc.report/FCC-ID/HYQ14AEM/1164183.pdf
HYQ1AS,4385023,https://fcc.report/FCC-ID/HYQ1AS/4385023.pdf
MLBHLIK6-1TA,2430769,https://fcc.report/FCC-ID/MLBHLIK6-1TA/2430769.pdf
HYQ14ACX,864398,https://fcc.report/FCC-ID/HYQ14ACX/864398.pdf
ACJ932HK1210A,1608703,https://fcc.report/FCC-ID/ACJ932HK1210A/1608703.pdf
CWTWB1U793,1188150,https://fcc.report/FCC-ID/CWTWB1U793/1188150.pdf
M3N32297100,1665397,https://fcc.report/FCC-ID/M3N32297100/1665397.pdf
HYQ12BAN,,
M3N-A2C31243300,1678297,https://fcc.report/FCC-ID/M3N-A2C31243300/1678297.pdf
KPU41794,,
N5F-A05TAA,1321684,https://fcc.report/FCC-ID/N5F-A05TAA/1321684.pdf
SY5MQ4AFGE04,4642673,https://fcc.report/FCC-ID/SY5MQ4AFGE04/4642673.pdf
CWTWB1U815,1630471,https://fcc.report/FCC-ID/CWTWB1U815/1630471.pdf
KOBDT04A,308844,https://fcc.report/FCC-ID/KOBDT04A/308844.pdf
KR5T41,,
KR5T21,,
CWTWBU745,741293,https://fcc.report/FCC-ID/CWTWBU745/741293.pdf
KR5V1X,1913627,https://fcc.report/FCC-ID/KR5V1X/1913627.pdf
CWTWB1G744,1679301,https://fcc.report/FCC-ID/CWTWB1G744/1679301.pdf
GQ4-52T,1643331,https://fcc.report/FCC-ID/GQ4-52T/1643331.pdf
NHVWB1U521,,
M3N-A3C054338,4634507,https://fcc.report/FCC-ID/M3N-A3C054338/4634507.pdf
HYQ14FBA,1290749,https://fcc.report/FCC-ID/HYQ14FBA/1290749.pdf
TQ8RKE-4F14,2067403,https://fcc.report/FCC-ID/TQ8RKE-4F14/2067403.pdf
NYOSYEC4TX1611,3063468,https://fcc.report/FCC-ID/NYOSYEC4TX1611/3063468.pdf
M3M-40821302,,
SY5FD1GRGE03,,
OUC6000066,672778,https://fcc.report/FCC-ID/OUC6000066/672778.pdf
SY5HIFGE04,2741064,https://fcc.report/FCC-ID/SY5HIFGE04/2741064.pdf
M3N65981403,403511,https://fcc.report/FCC-ID/M3N65981403/403511.pdf
KBRTN001,443145,https://fcc.report/FCC-ID/KBRTN001/443145.pdf
M3N5WY8406,923349,https://fcc.report/FCC-ID/M3N5WY8406/923349.pdf
LHJ011,225371,https://fcc.report/FCC-ID/LHJ011/225371.pdf
SY5DHFNA433,1930449,https://fcc.report/FCC-ID/SY5DHFNA433/1930449.pdf
SY5SKRGE03,5764189,https://fcc.report/FCC-ID/SY5SKRGE03/5764189.pdf
SY5DMFNA04,1638719,https://fcc.report/FCC-ID/SY5DMFNA04/1638719.pdf
GQ4-73T,3741411,https://fcc.report/FCC-ID/GQ4-73T/3741411.pdf
ACJ932HK1310A,2331493,https://fcc.report/FCC-ID/ACJ932HK1310A/2331493.pdf
M3N-32297100,1665397,https://fcc.report/FCC-ID/M3N-32297100/1665397.pdf
WAZSKE11D01,3790865,https://fcc.report/FCC-ID/WAZSKE11D01/3790865.pdf
OSLOKA-221T,229851,https://fcc.report/FCC-ID/OSLOKA-221T/229851.pdf
OUCG8D-625M-A,668982,https://fcc.report/FCC-ID/OUCG8D-625M-A/668982.pdf
KR5TXN1,2890480,https://fcc.report/FCC-ID/KR5TXN1/2890480.pdf
TQ8-RKE-3F05,1792113,https://fcc.report/FCC-ID/TQ8-RKE-3F05/1792113.pdf
M3N-32337100,1850442,https://fcc.report/FCC-ID/M3N-32337100/1850442.pdf
N5F-A04TAA,1241300,https://fcc.report/FCC-ID/N5F-A04TAA/1241300.pdf
OSLOKA-950T,1099788,https://fcc.report/FCC-ID/OSLOKA-950T/1099788.pdf
OHT05918179,1909463,https://fcc.report/FCC-ID/OHT05918179/1909463.pdf
TQ8-RKE-4F40,4096039,https://fcc.report/FCC-ID/TQ8-RKE-4F40/4096039.pdf
KR5876268,2304199,https://fcc.report/FCC-ID/KR5876268/2304199.pdf
KPU41704,,
M3N-A2C931423,2834230,https://fcc.report/FCC-ID/M3N-A2C931423/2834230.pdf
M3N-32337200,1850399,https://fcc.report/FCC-ID/M3N-32337200/1850399.pdf
HYQ1512V,,
OHT01060512,1213065,https://fcc.report/FCC-ID/OHT01060512/1213065.pdf
M3N-7393490,1976531,https://fcc.report/FCC-ID/M3N-7393490/1976531.pdf
GQ4-54T,1753463,https://fcc.report/FCC-ID/GQ4-54T/1753463.pdf
GQ4-53T,1941187,https://fcc.report/FCC-ID/GQ4-53T/1941187.pdf
M3N-A2C31243800,1955169,https://fcc.report/FCC-ID/M3N-A2C31243800/1955169.pdf
CWTWB1U819,1219213,https://fcc.report/FCC-ID/CWTWB1U819/1219213.pdf
CWTWB1U243,429224,https://fcc.report/FCC-ID/CWTWB1U243/429224.pdf
ABO1502T,,
CWTWB1U818,1245084,https://fcc.report/FCC-ID/CWTWB1U818/1245084.pdf
OSLOKA-423T,2692874,https://fcc.report/FCC-ID/OSLOKA-423T/2692874.pdf
WAZX1T768SKE11A03,993075,https://fcc.report/FCC-ID/WAZX1T768SKE11A03/993075.pdf
IT7RK700NR,154990,https://fcc.report/FCC-ID/IT7RK700NR/154990.pdf
CWTB1G077,2725344,https://fcc.report/FCC-ID/CWTB1G077/2725344.pdf
HYQ14FLB,4493263,https://fcc.report/FCC-ID/HYQ14FLB/4493263.pdf
HYQ4AA,2108019,https://fcc.report/FCC-ID/HYQ4AA/2108019.pdf
KR5TXN3,3652167,https://fcc.report/FCC-ID/KR5TXN3/3652167.pdf
HYQ1ES,4382760,https://fcc.report/FCC-ID/HYQ1ES/4382760.pdf
HYQ4EA,2108084,https://fcc.report/FCC-ID/HYQ4EA/2108084.pdf
NBGGD9C04,,
VQQRK960NAT,858939,https://fcc.report/FCC-ID/VQQRK960NAT/858939.pdf
CWTWB1U787,1202093,https://fcc.report/FCC-ID/CWTWB1U787/1202093.pdf
CWTWBU624,723374,https://fcc.report/FCC-ID/CWTWBU624/723374.pdf
TQ8-FOB-4F17,3677315,https://fcc.report/FCC-ID/TQ8-FOB-4F17/3677315.pdf
CWTWB1G767,1924731,https://fcc.report/FCC-ID/CWTWB1G767/1924731.pdf
HYQ14AAB,445231,https://fcc.report/FCC-ID/HYQ14AAB/445231.pdf
KBRASTU10,,
2BAHD-KFW1,6440742,https://fcc.report/FCC-ID/2BAHD-KFW1/6440742.pdf
SY5SKRGE04,3750656,https://fcc.report/FCC-ID/SY5SKRGE04/3750656.pdf
SY5KHFNA04,1638699,https://fcc.report/FCC-ID/SY5KHFNA04/1638699.pdf
HYQ4AS,4301405,https://fcc.report/FCC-ID/HYQ4AS/4301405.pdf
SY5KA4FGE06,4642699,https://fcc.report/FCC-ID/SY5KA4FGE06/4642699.pdf
HYQ12BFB,2948660,https://fcc.report/FCC-ID/HYQ12BFB/2948660.pdf
WAZX1T763SKE11A04,954204,https://fcc.report/FCC-ID/WAZX1T763SKE11A04/954204.pdf
OSLOKA-870T,1720509,https://fcc.report/FCC-ID/OSLOKA-870T/1720509.pdf
TQ8-FOB-4F28,4091816,https://fcc.report/FCC-ID/TQ8-FOB-4F28/4091816.pdf
OUCD6000022,594241,https://fcc.report/FCC-ID/OUCD6000022/594241.pdf
KOBJTF10A,1071410,https://fcc.report/FCC-ID/KOBJTF10A/1071410.pdf
L2C0005T,,
TQ8-FOB-4F11,2720629,https://fcc.report/FCC-ID/TQ8-FOB-4F11/2720629.pdf
TQ8-RKE-3F02,1462730,https://fcc.report/FCC-ID/TQ8-RKE-3F02/1462730.pdf
CQOFD00790,4507311,https://fcc.report/FCC-ID/CQOFD00790/4507311.pdf
LXP-T003,2199519,https://fcc.report/FCC-ID/LXP-T003/2199519.pdf
NYODD4TX1306-TFL,1971854,https://fcc.report/FCC-ID/NYODD4TX1306-TFL/1971854.pdf
CWTWBU619,441254,https://fcc.report/FCC-ID/CWTWBU619/441254.pdf
K0BJXF18A,,
M3N-A2C93142600,,
N5F-A08TAA,,
KR5S180144203,1789105,https://fcc.report/FCC-ID/KR5S180144203/1789105.pdf
TQ8-FO8-4F10,,
TQ8-RKE-4F27,2644625,https://fcc.report/FCC-ID/TQ8-RKE-4F27/2644625.pdf
MOZB41TG,387307,https://fcc.report/FCC-ID/MOZB41TG/387307.pdf
GQ43VT9T,,
KR5434760,,
M3N-A2C94078000,,
AVL-B01T1AC,1659345,https://fcc.report/FCC-ID/AVL-B01T1AC/1659345.pdf
KR5TP-4,4769159,https://fcc.report/FCC-ID/KR5TP-4/4769159.pdf
OSLOKA-360T,1278942,https://fcc.report/FCC-ID/OSLOKA-360T/1278942.pdf
CWTWBU766,898336,https://fcc.report/FCC-ID/CWTWBU766/898336.pdf
CWTWB1U825,1204848,https://fcc.report/FCC-ID/CWTWB1U825/1204848.pdf
CQOTD00660,3711116,https://fcc.report/FCC-ID/CQOTD00660/3711116.pdf
TQ8-RKE-4F42,4250202,https://fcc.report/FCC-ID/TQ8-RKE-4F42/4250202.pdf
A269ZUA078,,
CQOFD00120,2193342,https://fcc.report/FCC-ID/CQOFD00120/2193342.pdf
TQ8-RKE-4F39,4547138,https://fcc.report/FCC-ID/TQ8-RKE-4F39/4547138.pdf
HYQ14FBE,2919741,https://fcc.report/FCC-ID/HYQ14FBE/2919741.pdf
TQ8-FOB-4F19,4547157,https://fcc.report/FCC-ID/TQ8-FOB-4F19/4547157.pdf
WAZSKE13D02,2842372,https://fcc.report/FCC-ID/WAZSKE13D02/2842372.pdf
MLBHLIK-1TA,1591918,https://fcc.report/FCC-ID/MLBHLIK-1TA/1591918.pdf
HYQ12BZE,318962,https://fcc.report/FCC-ID/HYQ12BZE/318962.pdf
TQ8-FOB-4F34,4242305,https://fcc.report/FCC-ID/TQ8-FOB-4F34/4242305.pdf
HYQ12BBX,278886,https://fcc.report/FCC-ID/HYQ12BBX/278886.pdf
TQ8-FOB-4F26,4087204,https://fcc.report/FCC-ID/TQ8-FOB-4F26/4087204.pdf
KOBJXF18A,3445559,https://fcc.report/FCC-ID/KOBJXF18A/3445559.pdf
M3N-A2C940780,2845661,https://fcc.report/FCC-ID/M3N-A2C940780/2845661.pdf
HYQ14AHK,2652687,https://fcc.report/FCC-ID/HYQ14AHK/2652687.pdf
M3N-A2C93142300,,
GQ4-76T,3886834,https://fcc.report/FCC-ID/GQ4-76T/3886834.pdf
NHVWB1U241,126253,https://fcc.report/FCC-ID/NHVWB1U241/126253.pdf
TQ8-RKE-4F19,2212529,https://fcc.report/FCC-ID/TQ8-RKE-4F19/2212529.pdf
HYQ12BDM,1324140,https://fcc.report/FCC-ID/HYQ12BDM/1324140.pdf
OHT4882056,3471893,https://fcc.report/FCC-ID/OHT4882056/3471893.pdf
OUC6000223,1446073,https://fcc.report/FCC-ID/OUC6000223/1446073.pdf
HYQ14ADR,1060327,https://fcc.report/FCC-ID/HYQ14ADR/1060327.pdf
M3N5WY72XX,464838,https://fcc.report/FCC-ID/M3N5WY72XX/464838.pdf
YG0G20TB1,,
OUCG8D-387H-A,262736,https://fcc.report/FCC-ID/OUCG8D-387H-A/262736.pdf
OSLOKA-450T,3079628,https://fcc.report/FCC-ID/OSLOKA-450T/3079628.pdf
LXP-T004,2199531,https://fcc.report/FCC-ID/LXP-T004/2199531.pdf
TQ8-RKE-4F25,2462506,https://fcc.report/FCC-ID/TQ8-RKE-4F25/2462506.pdf
M3N-A2C31227300,,
CWTWB1U808,1245059,https://fcc.report/FCC-ID/CWTWB1U808/1245059.pdf
OUCG8D-399H-A,393129,https://fcc.report/FCC-ID/OUCG8D-399H-A/393129.pdf
KPU41788,,
CWTWB1U545,467281,https://fcc.report/FCC-ID/CWTWB1U545/467281.pdf
TQ8-FOB-4F08,2594494,https://fcc.report/FCC-ID/TQ8-FOB-4F08/2594494.pdf
SY5IGFGE04,3052005,https://fcc.report/FCC-ID/SY5IGFGE04/3052005.pdf
KR5995364,3157276,https://fcc.report/FCC-ID/KR5995364/3157276.pdf
KOBUTAH2T,,
GQ43VT7T,,
GQ43VT14T,,
CWTWB1U821,1286529,https://fcc.report/FCC-ID/CWTWB1U821/1286529.pdf
PINHA-T036,1060192,https://fcc.report/FCC-ID/PINHA-T036/1060192.pdf
HYQ12BFW,3472570,https://fcc.report/FCC-ID/HYQ12BFW/3472570.pdf
SY5HMFNA04,911577,https://fcc.report/FCC-ID/SY5HMFNA04/911577.pdf
TQ8-RKE-4F41,4106504,https://fcc.report/FCC-ID/TQ8-RKE-4F41/4106504.pdf
KOBUT1BT,,
YGOG21TB2,4266881,https://fcc.report/FCC-ID/YGOG21TB2/4266881.pdf
IYZ-C01C,1054904,https://fcc.report/FCC-ID/IYZ-C01C/1054904.pdf
M3N5WY783X,787701,https://fcc.report/FCC-ID/M3N5WY783X/787701.pdf
SY5YPFGE06,2216343,https://fcc.report/FCC-ID/SY5YPFGE06/2216343.pdf
M3N-97395900,2788676,https://fcc.report/FCC-ID/M3N-97395900/2788676.pdf
M3N-40821302,1386309,https://fcc.report/FCC-ID/M3N-40821302/1386309.pdf
KR55WK49308,764975,https://fcc.report/FCC-ID/KR55WK49308/764975.pdf
KBRASTU13,129955,https://fcc.report/FCC-ID/KBRASTU13/129955.pdf
LHJ009,306489,https://fcc.report/FCC-ID/LHJ009/306489.pdf
KR5TXN7,3953072,https://fcc.report/FCC-ID/KR5TXN7/3953072.pdf
PLNHM-T002,502949,https://fcc.report/FCC-ID/PLNHM-T002/502949.pdf
OSLOKA-310T,411086,https://fcc.report/FCC-ID/OSLOKA-310T/411086.pdf
MLBHLIK6-1T,1631736,https://fcc.report/FCC-ID/MLBHLIK6-1T/1631736.pdf
CWT72147KA,,
M3N5WY8609,1254240,https://fcc.report/FCC-ID/M3N5WY8609/1254240.pdf
TQ8-FOB-4F06,2257509,https://fcc.report/FCC-ID/TQ8-FOB-4F06/2257509.pdf
KR5S180144106,1861145,https://fcc.report/FCC-ID/KR5S180144106/1861145.pdf
NYOSYEC5FOB1907,4263144,https://fcc.report/FCC-ID/NYOSYEC5FOB1907/4263144.pdf
GQ4-29T,1792222,https://fcc.report/FCC-ID/GQ4-29T/1792222.pdf
HYQ14FBN,3558018,https://fcc.report/FCC-ID/HYQ14FBN/3558018.pdf
HYQ1AA,1919705,https://fcc.report/FCC-ID/HYQ1AA/1919705.pdf
M3N5WY8145,934899,https://fcc.report/FCC-ID/M3N5WY8145/934899.pdf
HYQ12BBT,244463,https://fcc.report/FCC-ID/HYQ12BBT/244463.pdf
KOBUTA3T,,
WAZSKE13D01,1438882,https://fcc.report/FCC-ID/WAZSKE13D01/1438882.pdf
KBRASTU51,289006,https://fcc.report/FCC-ID/KBRASTU51/289006.pdf
NHVWBU43,,
KPU41846,303830,https://fcc.report/FCC-ID/KPU41846/303830.pdf
CWTWB1U343,228589,https://fcc.report/FCC-ID/CWTWB1U343/228589.pdf
A2C97488400,,
TQ8-FOB-4F24,3913686,https://fcc.report/FCC-ID/TQ8-FOB-4F24/3913686.pdf
KR55WK49383,785142,https://fcc.report/FCC-ID/KR55WK49383/785142.pdf
KR5MTXN1,4604969,https://fcc.report/FCC-ID/KR5MTXN1/4604969.pdf
HYQ12BDP,1635342,https://fcc.report/FCC-ID/HYQ12BDP/1635342.pdf
G09C04EEC4P,,
TQ8-FOB-4F27,4082539,https://fcc.report/FCC-ID/TQ8-FOB-4F27/4082539.pdf
TQ8-RKE-4F31,2570149,https://fcc.report/FCC-ID/TQ8-RKE-4F31/2570149.pdf
OSLOKA-910T,2276669,https://fcc.report/FCC-ID/OSLOKA-910T/2276669.pdf
HYQ14FBW,4959289,https://fcc.report/FCC-ID/HYQ14FBW/4959289.pdf
